Title,Link,Description,Source,Date Published
Madhya Pradesh Covid-19: Thirty India students vaccinated with one syringe,https://www.bbc.com/news/world-asia-india-62329504,NA,BBC,1 hour ago
Covid-19: India's cumulative jab coverage crosses 203.17 crore-mark,https://www.telegraphindia.com/india/cumulative-number-of-covid-19-vaccine-doses-administered-in-india-cross-203-17-crore-mark-govt/cid/1876816,NA,Telegraph India,14 hours ago
Watch: Who Gave Approval for Third Dose of COVID-19 Vaccines in India? Centre Refuses to Answer,https://thewire.in/government/watch-who-gave-approval-for-third-dose-of-covid-19-vaccines-in-india-centre-refuses-to-answer,NA,The Wire,22 hours ago
Coronavirus in India: Delhi reports over 1K new cases after a month,https://timesofindia.indiatimes.com/india/coronavirus-in-india-live-updates-india-and-world-july-26/liveblog/93120708.cms,"India on Wednesday reported 18313 new Covid cases and 57 deaths. The active cases have declined to 1,45026 and the daily positivity rate...",Times of India,4 hours ago
"Coronavirus pandemic live updates: India reports 20,557 Covid-19 cases and 44 deaths in 24 hours",https://timesofindia.indiatimes.com/india/coronavirus-pandemic-live-updates-india-cases-vaccinations-28-july-2022/liveblog/93174089.cms,The cumulative number of COVID-19 vaccine doses administered in the country crossed the 203.17 crore-mark on Wednesday with over 36 lakh...,Times of India,LIVE40 mins ago
"Coronavirus Highlights: India Logs 18,313 New Covid Cases, 57 Deaths In 24 Hours",https://www.ndtv.com/india-news/coronavirus-india-live-updates-coronavirus-cases-today-covid-19-cases-in-india-omicron-covid-cases-india-covid-cases-july-27-3197002,"India has recorded 18313 new coronavirus cases in the last 24 hours, taking the overall number of Covid-related infections in the country to...",NDTV.com,5 hours ago
"India reports 18,313 fresh COVID-19 cases, 57 fatalities",https://economictimes.indiatimes.com/news/india/india-reports-18313-fresh-covid-19-cases-57-fatalities/articleshow/93151836.cms,NA,The Economic Times,1 day ago
"India reports 14,830 new Covid cases and 36 deaths in last 24 hours",https://timesofindia.indiatimes.com/india/india-reports-14830-new-covid-cases-and-36-deaths-in-last-24-hours/articleshow/93126066.cms,NA,Times of India,2 days ago
"India Logs 18,313 New COVID-19 Cases, 57 Covid Deaths In 24 Hours: Centre",https://www.ndtv.com/india-news/india-logs-18-313-new-covid-19-cases-57-covid-deaths-in-24-hours-centre-3197316,NA,NDTV.com,21 hours ago
Coronavirus Update | India logs 44 new Covid fatalities,https://www.moneycontrol.com/news/india/coronavirus-update-india-logs-44-new-covid-fatalities-8904421.html,"India added 20,557 new coronavirus infections pushing the total tally of COVID-19 cases to 4,39,59,321, while the active cases increased to...",Moneycontrol,2 hours ago
"Total of 5,25,997 COVID Deaths Reported in India Till 23 July, Says Govt in RS",https://www.thequint.com/coronavirus/coronavirus-covid-deaths-india-monsoon-session-parliament-bharati-pravin-pawar-rajya-sabha,NA,The Quint,23 hours ago
"Don’t Have Any Data Of Doctors Who Died In India Due To COVID, Says Government",https://www.indiatimes.com/news/india/dont-have-any-data-of-doctors-who-died-in-india-due-to-covid-says-government-575863.html,NA,Indiatimes.com,2 hours ago
"No data on doctors who died due to Covid, Centre tells Parliament",https://www.indiatoday.in/india/story/no-data-doctors-died-due-covid-india-centre-1980622-2022-07-27,NA,India Today,20 hours ago
"Coronavirus Live: India Reports Over 18,000 New Covid Cases, 57 Deaths In 24 Hours",https://www.ndtv.com/india-news/coronavirus-india-live-updates-coronavirus-cases-today-covid-19-cases-in-india-omicron-covid-cases-india-covid-cases-july-28-3200663,"India on Wednesday reported a total of 18313 new coronavirus cases, taking the overall number of Covid-related infections in the country to...",NDTV.com,6 hours ago
Centaurus: Why the new Covid-19 variant becoming common in India doesn’t offer much cause for alarm,https://scroll.in/article/1029022/centaurus-why-the-new-covid-19-variant-becoming-common-in-india-doesnt-offer-much-cause-for-alarm,"Data indicates that BA.2.75 may have already peaked in India. Besides, it hasn't caused big increase in hospitalisations or deaths.",Scroll.in,1 day ago
Covid-19 leading cause of maternal death in Mumbai for second year in a row,https://indianexpress.com/article/cities/mumbai/covid-19-leading-cause-of-maternal-death-in-mumbai-8050903/,"Pregnant women have a weak immune system and they have many physiological changes, say doctors. This may make them more susceptible to...",The Indian Express,2 days ago
"COVID-19: India reports 20,557 new cases, 44 deaths in past 24 hours",https://www.indiatvnews.com/news/india/covid19-india-case-tally-coronavirus-cases-india-death-toll-pandemic-recovery-rate-active-cases-2022-07-28-795469,"COVID-19: With 20,557 fresh cases reported in a day, India's COVID-19 active cases reached 1,46,323, the Union health ministry said on...",India TV News,2 hours ago
"India reports 20,557 new Covid-19 cases and 44 deaths in last 24 hours",https://timesofindia.indiatimes.com/india/india-reports-20557-new-covid-cases-and-44-deaths-in-last-24-hours/articleshow/93179124.cms,"NEW DELHI: India added 20,557 new coronavirus infections pushing the total tally of Covid-19 cases to 4,39,59,321, while the active cases...",Times of India,1 hour ago
Covid-19: India reports 44 deaths in last 24 hrs | Mint,https://www.livemint.com/news/india/covid19-india-reports-44-deaths-in-last-24-hrs-11658985444141.html,"NEW DELHI: India reported 20,557 new covid infections and 44 deaths in the last 24 hours. The country's active caseload currently stands at...",Mint,1 hour ago
Cumulative number of Covid-19 vaccine doses administered in India cross 203.17 crore-mark: Government,https://timesofindia.indiatimes.com/india/cumulative-number-of-covid-19-vaccine-doses-administered-in-india-cross-203-17-crore-mark-government/articleshow/93169582.cms,"Cumulative number of Covid-19 vaccine doses administered in India cross 203.17 crore-mark: Government. PTI / Updated: Jul 27, 2022, 23:30 IST.",Times of India,14 hours ago
"COVID-19: India reports 18,313 fresh cases, 57 fatalities",https://assamtribune.com/national/covid-19-india-reports-18313-fresh-cases-57-fatalities-1381092,"New Delhi, Jul 27: With 18,313 fresh cases reported in a day, India's COVID-19 tally has climbed to 4,39,38,764, while the count of active...",The Assam Tribune,1 day ago
"Covid-19: India reports 36 covid deaths in a day, 14,830 fresh cases | Mint",https://www.livemint.com/news/india/covid19-india-reports-36-covid-deaths-in-a-day-14-830-fresh-cases-11658813162069.html,"NEW DELHI: India reported 14,830 new covid cases and 36 deaths in the ... The central government had reviewed the covid-19 situation in 115...",Mint,2 days ago
"CWG 2022: After recovering from Covid-19, India batter ...",https://www.insidesport.in/cwg-2022-after-recovering-from-covid-19-india-batter-sabbhineni-meghana-set-to-join-team-india-ahead-of-india-vs-australia-clash/,"CWG 2022: After recovering from Covid-19, India batter Sabbhineni Meghana set to join Team India ahead of India vs Australia clash.",InsideSport,1 hour ago
"India sees drop in Covid-19 cases with 16,866 infections in last 24 hrs | Mint",https://www.livemint.com/news/india/india-sees-drop-in-covid-19-cases-with-16-866-infections-in-the-last-24-hrs-11658720905885.html,"The Covid-19 active cases comprise 0.34% of the total infections. The national coronavirus recovery rate was recorded at 98.46%, the ministry...",Mint,3 days ago
CWG 2022: Covid scare for PV Sindhu upon arrival in Birmingham,https://timesofindia.indiatimes.com/sports/commonwealth-games-2022/indiabirmingham/cwg-2022-covid-scare-for-pv-sindhu-upon-arrival-in-birmingham/articleshow/93174666.cms,Sources said that it was because of Sindhu's Covid-19 scare that the announcement of the name for India's flagbearer was delayed by the Indian...,Times of India,4 hours ago
"Covid-19: 525,997 deaths reported in India till July 23, says Centre",https://www.financialexpress.com/lifestyle/health/covid-19-525997-deaths-reported-in-india-till-july-23-says-centre/2607195/,"Covid deaths india NDMA has recommended an amount of Rs 50,000 as ex-gratia, subject to cause of death certified as COVID-19. (File).",The Financial Express,1 day ago
"5,25,997 Covid deaths reported in India till Jul 23: Govt",https://health.economictimes.indiatimes.com/news/policy/525997-covid-deaths-reported-in-india-till-jul-23-govt/93152904,"Pawar said the government maintains data of total cases and deaths due to COVID -19 as reported by states and Union Territories. ""Disaggregated...",ET HealthWorld,1 day ago
Covid-19 India Updates: Active Cases Decline For Third Day In A Row,https://www.bqprime.com/nation/covid-19-india-updates-active-cases-decline-for-third-day-in-a-row,Covid-19 India Updates: Active Cases Decline For Third Day In A Row ... Rishabh reports on business and market news for BQ Prime.... More Stories...,BQ Prime,1 day ago
India puts off census exercise indefinitely due to COVID-19 pandemic,https://www.cnbctv18.com/india/india-puts-off-census-exercise-indefinitely-due-to-covid-19-pandemic-14264282.htm,"India puts off census exercise indefinitely due to COVID-19 pandemic. Profile image. By CNBCTV18.com | Jul 27, 2022, 08:59 AM IST (Updated).",CNBC TV18,1 day ago
"UT reports 117 new Covid cases, 1 death | Cities News",https://indianexpress.com/article/cities/chandigarh/ut-reports-117-new-covid-cases-1-death-8055926/,He was fully vaccinated for COVID. The total number of COVID-19 deaths to date is 1167. Chandigarh reported one Covid death on Wednesday.,The Indian Express,8 hours ago
"COVID-19: India records 21,566 fresh cases, 45 more fatalities",https://www.eastmojo.com/coronavirus-updates/2022/07/21/covid-19-india-records-21566-fresh-cases-45-more-fatalities/,"New Delhi: India saw a single-day rise of 21,566 coronavirus cases, the highest in 152 days, taking its COVID-19 tally to 4,38,25,185,...",EastMojo,6 days ago
"India sees slight dip in COVID-19 cases, logs 16,866 fresh ...",https://newslivetv.com/india-sees-slight-dip-in-covid-19-cases-logs-16866-fresh-cases-in-last-24-hours/,"India's tally of COVID-19 cases rose to 4,39,05,621, while the daily positivity rate crossed 7 per cent again after a gap of 168 days, ministry...",News Live,2 days ago
Have you received your Covid-19 booster dose yet? Doc ...,https://indianexpress.com/article/lifestyle/health/covid-19-booster-dose-health-immunity-connection-monkeypox-8054563/,"For the unversed, the Indian government has approved precautionary booster shots with Covaxin, Sputnik Light, and Covishield vaccines. While it...",The Indian Express,20 hours ago
"Coronavirus in India: Maharashtra reports 2,289 new Covid-19 cases",https://timesofindia.indiatimes.com/india/coronavirus-in-india-live-updates-july-20/liveblog/92989736.cms,"Coronavirus in India: Maharashtra reports 2,289 new Covid-19 cases ... The National Technical Advisory Group on Immunisation's Covid working group...",Times of India,6 days ago
"CWG 2022: Cricketers Pooja Vastrakar, S Meghana test positive for Covid-19, couldn't travel to Birmingham",https://timesofindia.indiatimes.com/sports/commonwealth-games-2022/indiabirmingham/cwg-2022-two-women-cricketers-stay-back-in-india-after-testing-positive-for-covid-19/articleshow/93138787.cms,"""Vastrakar and Meghana have tested positive for COVID-19 and it happened before departure. Both the players will remain in India,"" an Indian...",Times of India,1 day ago
Delhi: Only 11.7% of those got first Covid-19 vaccine have ...,https://indianexpress.com/article/cities/delhi/delhi-only-11-7-of-those-got-first-covid-19-vaccine-have-taken-precaution-dose-8056429/lite/,"For all the latest Delhi News, download Indian Express App. The Indian Express website has been rated GREEN for its credibility and...",The Indian Express,32 mins ago
KL Rahul To Miss India Vs West Indies T20I Series Due To Post COVID-19 Recovery,https://english.jagran.com/cricket/kl-rahul-to-miss-india-vs-west-indies-t20i-series-due-to-post-covid19-recovery-10046537,"Indian opener KL Rahul, who tested positive for the novel COVID-19 infection, will miss the upcoming five-match T20I series against West...",Jagran English,22 hours ago
KL Rahul to miss India`s T20I series against West Indies after his positive COVID-19 test,https://www.wionews.com/sports/kl-rahul-to-miss-indias-t20i-series-against-west-indies-after-his-positive-covid-19-test-501132,"India batter KL Rahul will be missing out on the upcoming T20I series against West Indies, after testing positive for COVID-19. India and...",WION,19 hours ago
"Covid-19 update: India logs 18,257 fresh Covid-19 cases, 42 deaths in 24 hours | Mint",https://www.livemint.com/news/india/covid19-update-india-logs-18-257-fresh-covid-19-cases-42-deaths-in-24-hours-11657424860654.html,"Registering a mild decline in Covid-19 cases compared to yesterday, India on Sunday reported 18,257 fresh Covid-19 cases, according to...",Mint,2 weeks ago
"2,079 new Covid cases in region",https://timesofindia.indiatimes.com/city/chandigarh/2079-new-covid-cases-in-region/articleshow/93175380.cms,"Chandigarh/Shimla: The region reported 2,079 of Covid-19 and one death due to the virus on Wednesday. Himachal Pradesh reported 916 cases...",Times of India,4 hours ago
"India reports 21,411 new Covid cases, 67 deaths",https://odishatv.in/news/covid-19/india-reports-21-411-new-covid-cases-67-deaths-181371,"In the last 24 hours, India reported 21,411 new Covid-19 cases, a decline against the 21,880 infections registered the previous day,...",OdishaTV,5 days ago
Meghalaya logs 97 new Covid cases,https://timesofindia.indiatimes.com/city/shillong/meghalaya-logs-97-new-covid-cases/articleshow/93175390.cms,"Shillong: Meghalaya recorded 97 fresh Covid-19 infections on Wednesday increasing the active cases to 628. West Garo Hills, including Tura,...",Times of India,4 hours ago
Covid-19: India reports 24% jump in daily infections; active cases past 1.3 lakh,https://www.hindustantimes.com/india-news/covid-19-india-reports-24-jump-in-daily-infections-active-cases-past-1-32-lakh-101657688648940.html,India Covid cases today: Over 1.42 lakh children between the ages of 12 to 14 received their 2nd dose of the Covid-19 vaccine in the last 24...,Hindustan Times,2 weeks ago
Australia's COVID-19 hospitalizations hit all-time high,https://www.businessinsider.in/science/health/news/australias-covid-19-hospitalizations-hit-all-time-high/articleshow/93136110.cms,The number of Australians hospitalised due to Covid-19 has reached the highest number since the start of the pandemic in early 2020.,Business Insider India,1 day ago
Coimbatore records 169 fresh Covid-19 cases,https://timesofindia.indiatimes.com/city/coimbatore/coimbatore-records-169-fresh-covid-19-cases/articleshow/93174101.cms,"COIMBATORE: Coimbatore district recorded 169 new Covid-19 cases on Wednesday, taking the cumulative tally to 3,35,262.",Times of India,5 hours ago
"Harsh Mander: As India gasped for oxygen in the second wave, those in power looked the other way",https://scroll.in/article/1020818/harsh-mander-as-india-gasped-for-oxygen-in-the-second-wave-those-in-power-looked-the-other-way,Uttar Pradesh put restrictions on individual purchase of oxygen cylinders at a time when breathless Covid-19 patients have been unable to...,Scroll.in,1 day ago
"Covid-19: India reports over 20,000 new cases and 47 deaths in the last 24 hrs | Mint",https://www.livemint.com/news/india/covid19-india-reports-over-20-000-new-cases-and-47-deaths-in-the-last-24-hrs-11657862683082.html,"India has reported more than 20,038 new cases and 47 deaths due to Covid-19 in the last 24 hours. The total number of active caseload...",Mint,2 weeks ago
"Coronavirus India Highlights: Delhi reports 678 Covid-19 cases, 2 deaths; Mumbai logs 811 new cases",https://indianexpress.com/article/lifestyle/health/coronavirus-india-live-updates-covid-infections-deaths-delhi-mumbai-bangalore-chennai-cases-8002151/,"Coronavirus Cases in India Today, Covid-19 Latest News: Delhi on Saturday reported 678 fresh COVID-19 cases with a positivity rate of 3.98 per...",The Indian Express,4 weeks ago
COVID-19 India: Active cases cross one lakh mark,https://economictimes.indiatimes.com/news/india/covid-19-india-active-cases-cross-one-lakh-mark/articleshow/92561153.cms,"India recorded over 18,000 new coronavirus infections in a single day after a gap of 130 days, taking the COVID-19 tally to 4,34,52,164,...",The Economic Times,1 month ago
"Coronavirus Highlights: India Records 17,092 New COVID-19 Cases In Last 24 Hours",https://www.ndtv.com/india-news/coronavirus-india-live-updates-coronavirus-cases-today-covid-19-cases-in-india-omicron-covid-cases-india-covid-cases-19-july-2-3120324,"New Delhi: India today recorded 17,092 new coronavirus cases in the last 24 hours, bringing the total number of COVID-19 cases to 4,34,86,326.",NDTV.com,4 weeks ago
Indian-origin company director banned for misuse of COVID-19 loan in UK,https://theprint.in/world/indian-origin-company-director-banned-for-misuse-of-covid-19-loan-in-uk/1057825/,"London, Jul 27 (PTI) A 42-year-old Indian-origin company director who failed to account for around GBP 45,000 from a UK government COVID-19...",ThePrint,17 hours ago
"Coronavirus India News Highlights: India records 18,815 new Covid cases; 38 fatalities",https://indianexpress.com/article/lifestyle/health/coronavirus-india-news-live-covid-cases-today-delhi-mumbai-8013797/,"Covid-19 Live News Updates: India reported 18,815 new coronavirus cases in the last 24 hours, pushing the overall caseload to 4,35,85,554,...",The Indian Express,3 weeks ago
New Covid-19 mutant strain raises concerns as it spreads rapidly within India: Report | Mint,https://www.livemint.com/news/india/new-covid-19-mutant-strain-raises-concerns-as-it-spreads-rapidly-within-india-report-11657517479947.html,A new highly transmissible new Covid-19 mutant strain is raising concern among scientists as it spreads within India and other countries.,Mint,2 weeks ago
"CWG 2022: Indian duo Pooja Vastrakar, Meghna Singh test positive for COVID-19",https://www.thestatesman.com/sports/cwg-2022-indian-pooja-vastrakar-meghna-singh-covid-1503094173.html,"CWG 2022: Indian duo Pooja Vastrakar, Meghna Singh test positive for COVID-19. It will be a huge blow for India. Vastrakar plays a crucial role...",The Statesman,21 hours ago
Will Monkeypox Be Next The COVID-19 Pandemic For India? | TheHealthSite.com,https://www.thehealthsite.com/diseases-conditions/will-monkeypox-be-next-the-covid-19-pandemic-for-india-896210/,"India has confirmed a total of four cases of the highly infectious ... The virus is infectious but compared to COVID-19, monkeypox is still...",TheHealthSite.com,2 days ago
"Coronavirus Highlights: India Logs 18,840 New COVID-19 Cases In 24 Hours",https://www.ndtv.com/india-news/coronavirus-india-live-updates-coronavirus-cases-today-covid-19-cases-in-india-omicron-covid-cases-india-covid-cases-19-july-9-3141774,"India COVID-19: Currently, there are 1,25,028 active cases in the country, comprising 0.28 per cent of the cumulative cases.",NDTV.com,3 weeks ago
Explained | What is causing a surge in COVID-19 cases in India?,https://www.thehindu.com/sci-tech/health/the-hindu-r-prasad-explains-what-is-causing-a-surge-in-coronavirus-cases-in-india/article65619591.ece,"The story so far: Since early June, there has been a steady increase in the number of fresh daily COVID-19 infections, with June 29 marking...",The Hindu,2 weeks ago
"Coronavirus India Highlights: Mumbai reports 1265 fresh covid-19 infections, Cases cross 2,000 in Tamil Nadu",https://indianexpress.com/article/lifestyle/health/coronavirus-india-live-news-updates-covid-count-deaths-delhi-mumbai-bangalore-chennai-cases-7997400/,"India reported 18,819 new Covid-19 cases and 39 deaths in the last 24 hours ending 8 am Thursday, data from the Union health ministry showed. As...",The Indian Express,1 month ago
"Coronavirus Highlights: India Records 18,930 New Covid Cases In 24 Hours",https://www.ndtv.com/india-news/coronavirus-india-live-updates-coronavirus-cases-today-covid-19-cases-in-india-omicron-covid-cases-india-covid-cases-19-july-7-3134932,"India COVID-19 Highlights: Currently, there are 1,19,457 active cases in the country, comprising 0.27 per cent of the cumulative case count.",NDTV.com,3 weeks ago
"Coronavirus in India: Maharashtra reports 1,189 new Covid-19 cases",https://timesofindia.indiatimes.com/india/coronavirus-in-india-july-10/liveblog/92775718.cms,"A 70-year-old woman has succumbed to the coronavirus infection in Indore in Madhya Pradesh, a health official said on Monday. The woman was...",Times of India,2 weeks ago
"Coronavirus India News highlights: India reports 16,135 new cases, 24 deaths in last 24 hours",https://indianexpress.com/article/india/coronavirus-highlights-july-4-vaccination-cases-india-8005915/,"Covid-19 News Updates: India reported 16,135 new Covid-19 cases Monday, slightly up from 16,103 infections logged Sunday and 24 deaths,...",The Indian Express,3 weeks ago
"Coronavirus India News Highlights: India records 16,159 fresh Covid-19 infections, up from yesterday’s 13,086; active cases cross 1.5 lakh mark",https://indianexpress.com/article/lifestyle/health/coronavirus-india-live-news-updates-omicron-covid-cases-today-8009240/,"India reported 16,159 fresh Covid-19 infection and 28 deaths in the last 24 hours ending at 8 am Wednesday, according to data from the Union...",The Indian Express,3 weeks ago
New research: Two studies reinforce Covid-19's Wuhan ...,https://indianexpress.com/article/explained/explained-new-studies-reinforce-covids-wuhan-market-origin-8055762/,"The paper titled 'The Huanan Seafood Wholesale Market in Wuhan was the early epicentre of the COVID-19 pandemic' (Worobey et al.), mapped geo...",The Indian Express,4 hours ago
India sees 23% jump in daily Covid-19 cases; Active count nears 1 lakh-mark | Mint,https://www.livemint.com/news/india/india-sees-23-jump-in-daily-covid-19-cases-active-count-nears-1-lakhmark-11656473523132.html,"India on Wednesday reported a 23% rise in Covid-19 cases. As many as 14,506 cases were recorded in the last 24 hours, taking the daily...",Mint,1 month ago
Coronavirus in India LIVE Updates: Active Covid-19 cases cross 500-mark in Jharkhand after four months,https://timesofindia.indiatimes.com/india/coronavirus-in-india-live-updates-july-8/liveblog/92734619.cms,"Sikkim's COVID-19 tally rose to 39,401 as 59 more people tested positive for the infection while one new fatality pushed the death toll to 457,...",Times of India,3 weeks ago
"India Logs 18313 Fresh COVID-19 Cases, 57 Fatalities In Last ...",https://pragativadi.com/india-logs-18313-fresh-covid-19-cases-57-fatalities-in-last-24-hours/,"New Delhi: India logged 18,313 new cases of the novel coronavirus, along with 57 deaths due to the infection in the past 24 hours.",Pragativadi,1 day ago
"Game of Thrones author George RR Martin tests positive for COVID 19, skips 'House of the Dragon' premiere",https://www.indiatvnews.com/entertainment/ott/game-of-thrones-author-george-rr-martin-tests-positive-for-covid-19-skips-house-of-the-dragon-premiere-2022-07-28-795502,"Last Saturday, Martin had directly addressed the topic of COVID-19 during the show's Comic-Con panel, sharing that he had been exercising...",India TV News,1 hour ago
"India Logs 16,159 New COVID-19 Cases, 28 Covid Deaths In 24 Hours: Centre",https://www.ndtv.com/india-news/india-logs-16-159-new-covid-19-cases-28-covid-deaths-in-24-hours-centre-3131625,"India logged 16,159 new coronavirus infections taking the total tally of COVID-19 cases to 4,35,47,809, while the active cases increased to...",NDTV.com,3 weeks ago
"Coronavirus Highlights: India Logs 16,159 New COVID-19 Cases In 24 Hours",https://www.ndtv.com/india-news/coronavirus-india-live-updates-coronavirus-cases-today-covid-19-cases-in-india-omicron-covid-cases-india-covid-cases-19-july-6-3131285,"India has recorded 16,159 new coronavirus cases in the last 24 hours, taking the total number of COVID-19 cases to 4,35,47,809.",NDTV.com,3 weeks ago
"Covid-19 In India: Kerala, Tamil Nadu, Maharashtra Record Massive Spike In Fresh Infections",https://english.jagran.com/india/covid19-in-india-kerala-tamil-nadu-maharashtra-record-massive-spike-in-fresh-infections-10045504,"India from a fast few days is witnessing a surge in the covid-19 cases at a steady pace as Delhi, the national capital on Sunday reported...",Jagran English,3 weeks ago
"COVID-19 after effects: Long-lasting loss of smell, taste in 5% of Covid cases: study",https://www.forbesindia.com/article/news/covid19-after-effects-longlasting-loss-of-smell-taste-in-5-of-covid-cases-study/78491/1,"COVID-19 after effects: Long-lasting loss of smell, taste in 5% of Covid cases: study. The study found that six months after contracting the...",Forbes India,2 hours ago
"India Logs 18,815 New COVID-19 Cases, 38 Covid Deaths In 24 Hours: Centre",https://www.ndtv.com/india-news/india-logs-18-815-new-covid-19-cases-38-covid-deaths-in-24-hours-centre-3138615,"India saw a single day rise of 18,815 new coronavirus infections, taking the tally of COVID-19 cases to 4,35,85,554, while the active cases...",NDTV.com,3 weeks ago
MP horror: 30 students vaccinated for COVID-19 with single syringe,https://www.newsbytesapp.com/news/india/30-students-vaccinated-with-single-syringe-in-mp/story,"The Health Ministry guaranteed a stringent ""One needle, one syringe, only once"" policy a month before the COVID-19 immunization began in India...",NewsBytes,1 hour ago
Work from home in India: 73% firms plan hybrid working model post Covid-19 pandemic | Mint,https://www.livemint.com/news/india/work-from-home-in-india-73-firms-plan-hybrid-working-model-post-covid-19-pandemic-11657152411882.html,"With several companies experiencing challenges since the outbreak of Covid-19 pandemic, a new survey has shared that 73% of India firms are...",Mint,3 weeks ago
Could the New BA.2.75 Sub-Variant Lead to Another COVID-19 Wave in India?,https://science.thewire.in/the-sciences/ba-2-75-sub-variant-new-covid-19-wave/,"For several months, the number of new COVID-19 cases in India stayed below 3,000 – but in the last month or so, they have started to rise again.",The Wire Science,3 weeks ago
Coronavirus India News Highlights: India reports 13615 fresh ...,https://indianexpress.com/article/india/covid-news-live-updates-india-cases-deaths-vaccination-8021646/,"Delhi on Monday reported 280 fresh Covid-19 cases with a positivity rate of 4.21 per cent, according to health department data.",The Indian Express,2 weeks ago
"Delhi records 520 fresh COVID-19 cases, one fatality",https://www.indiatoday.in/india/story/delhi-records-520-fresh-covid-19-cases-one-fatality-1975789-2022-07-15,"Delhi on Thursday recorded 520 fresh COVID-19 cases with a positivity rate of 3.44 per cent, while one more person succumbed to the viral...",India Today,2 weeks ago
"India logs 1 lakh weekly Covid cases, highest in 4 months; deaths up 50%",https://timesofindia.indiatimes.com/india/india-logs-1-lakh-weekly-covid-cases-highest-in-4-months-deaths-up-50/articleshow/92640003.cms,"India recorded over one lakh fresh cases of Covid-19 in the week ending Sunday, the highest weekly count in more than four months,...",Times of India,3 weeks ago
"Coronavirus in India: Maharashtra reports 3,957 cases and seven fatalities in last 24 hours",https://timesofindia.indiatimes.com/india/coronavirus-in-india-live-updates/liveblog/92503310.cms,"According to the Union health ministry, active cases comprise 0.23 per cent of the total infections, while the national Covid-19 recovery rate...",Times of India,1 month ago
"Coronavirus in India LIVE Updates: Delhi reports 615 new cases, 3 deaths",https://timesofindia.indiatimes.com/india/coronavirus-in-india-live-updates-july-4/liveblog/92639607.cms,"Odisha on Tuesday recorded 334 fresh Covid-19 cases, 89 more than the previous day's figure, taking the tally to 12,91,117, the health...",Times of India,3 weeks ago
90% of India's adult population fully vaccinated against Covid-19: Mandaviya,https://timesofindia.indiatimes.com/india/90-of-indias-adult-population-fully-vaccinated-against-covid-19-mandaviya/articleshow/92660597.cms,"NEW DELHI: Ninety per cent of India's adult population has been fully vaccinated against COVID-19, Union Health Minister Mansukh Mandaviya...",Times of India,3 weeks ago
UPMC: New Antibody Analysis Predicts Severe COVID-19 Outcomes,https://indiaeducationdiary.in/upmc-new-antibody-analysis-predicts-severe-covid-19-outcomes/,Most research on immunity to the SARS-CoV-2 virus and COVID-19 vaccine development has focused on antibody responses to the spike protein...,India Education Diary,1 day ago
"India Reports Nearly 19,000 COVID-19 Cases; West Bengal, Tamil Nadu See Massive Spike",https://english.jagran.com/india/india-reports-nearly-19000-covid19-cases-west-bengal-tamil-nadu-see-massive-spike-10045637,"India COVID-19 Tally: India, during the past 24 hours, also reported 35 deaths that pushed the country's toll to 5.25 lakh with a case mortality...",Jagran English,3 weeks ago
"Covid-19 now endemic in country, say virologists",https://www.newindianexpress.com/cities/bengaluru/2022/jul/06/covid-19-now-endemic-in-country-say-virologists-2473373.html,"BENGALURU: Covid-19 has reached an “endemic” stage, say the country's two top virologists -- Dr Gagandeep Kang, professor, Christian Medical...",The New Indian Express,3 weeks ago
"Covid-19: India reports 13,615 fresh cases, 13,265 recoveries and 20 deaths in the last 24 hours",https://economictimes.indiatimes.com/news/india/covid-19-india-reports-13615-fresh-cases-13265-recoveries-and-20-deaths-in-the-last-24-hours/videoshow/92817938.cms,"India on Monday reported 16,678 fresh Covid cases, and 26 deaths in the last 24 hours. The total active cases have reached 1,30,713 and the...",The Economic Times,2 weeks ago
"COVID-19: India logs 16,159 fresh cases, 28 deaths in last 24 hours; active cases jump to 1,15,212",https://www.indiatvnews.com/news/india/covid-coronavirus-pandemic-positive-cases-death-toll-covid-symptoms-omicron-variant-health-ministry-corona-active-case-positivity-rate-precaution-dose-2022-07-06-789989,"COVID-19 India News Updates: India recorded 16,159 new cases of the novel coronavirus, along with 28 deaths due to the infection in the past...",India TV News,3 weeks ago
The 17th CII-EXIM Bank Conclave: The prospects of India-Africa Growth Partnership,https://www.orfonline.org/expert-speak/the-17th-cii-exim-bank-conclave/,"Trade and investments. Just before COVID-19 shook the world, the Indo-African trade ties were flourishing as India had emerged as the fourth...",ORF,2 days ago
"Coronavirus in India LIVE Updates: Tamil Nadu reports 2,385 fresh Covid cases",https://timesofindia.indiatimes.com/india/coronavirus-in-india-live-updates-june-30/liveblog/92555392.cms,"Telangana on Friday recorded 462 new COVID-19 cases, pushing the total number of cases to 8,01,406 so far. Hyderabad district registered the...",Times of India,4 weeks ago
Nobel laureate Amartya Sen tests positive for Covid-19,https://timesofindia.indiatimes.com/india/nobel-laureate-amartya-sen-tests-positive-for-covid-19/articleshow/92766529.cms,"Amartya Sen has tested positive for Covid-19. KOLKATA: Renowned economist Amartya Sen, who was awarded the Nobel Prize in Economic Sciences, has...",Times of India,3 weeks ago
"Maharashtra reports 2,138 COVID-19 cases, eight deaths",https://economictimes.indiatimes.com/news/india/maharashtra-reports-2138-covid-19-cases-eight-deaths/articleshow/93167984.cms,"Monkeypox outbreak will test India's health-emergency preparedness. How will India tackle it? 8 mins read. Google's INR1,700 crore ad worry: why...",The Economic Times,16 hours ago
Health Systems Resilience Index: A Sub-National Analysis of India’s COVID-19 Response,https://www.orfonline.org/research/health-systems-resilience-index/,"At the time of writing this report, almost 500 million COVID-19 cases have been confirmed globally. India has recorded nearly 42 million of...",Observer Research Foundation,3 weeks ago
Punjab-origin firm director banned for misuse of COVID-19 loan in UK,https://www.hindustantimes.com/cities/chandigarh-news/punjaborigin-firm-director-banned-for-misuse-of-covid-19-loan-in-uk-101658952340403.html,"A 42-year-old Indian-origin company director who failed to account for around GBP 45,000 (around ₹43 lakh) from a UK government COVID-19...",Hindustan Times,11 hours ago
"74 new Covid-19 cases in Vadodara, 81 patients get discharged",https://timesofindia.indiatimes.com/city/vadodara/74-new-covid-19-cases-in-city-81-patients-get-discharged/articleshow/93172818.cms,VADODARA: Covid-19 cases continued its downward trend with the city and district put together reporting 74 new cases on Wednesday.,Times of India,9 hours ago
"Coronavirus in India LIVE Updates: Maharashtra reports 2,962 fresh Covid-19 cases today, Delhi 648",https://timesofindia.indiatimes.com/india/coronavirus-in-india-live-updates-july-2/liveblog/92608883.cms,"Coronavirus in India LIVE Updates: Maharashtra reports 2,962 fresh Covid-19 cases today, Delhi 648 ... As per the report, a 60-year-old woman from...",Times of India,3 weeks ago
"Weekly Covid cases rise to 1.2 lakh, but surge now slowing",https://timesofindia.indiatimes.com/india/weekly-covid-cases-rise-to-1-2-lakh-but-surge-now-slowing/articleshow/92789869.cms,"NEW DELHI: India recorded over 1.2 lakh fresh cases of Covid-19 in the week ending Sunday, the highest weekly tally since mid-February,...",Times of India,2 weeks ago
Thane Records 141 New Covid-19 Cases; Active Tally Over 800,https://www.outlookindia.com/national/thane-records-141-new-covid-19-cases-active-tally-over-800-news-212463,"Maharashtra's Thane district has reported 141 new cases of coronavirus, taking its infection tally to 7,33,777, a health official said on Thursday.",Outlook India,3 hours ago
Live news: 63 pilgrims from Maharashtras Beed stranded in Amarnath rescued,https://www.business-standard.com/article/current-affairs/latest-live-news-russia-ukriane-crisis-sri-lanka-crisis-monsoon-in-india-covid-cases-in-india-delhi-weather-latest-news-latest-news-updates-122071000029_1.html,"' India on Sunday reported 18,257 new cases of Covid-19, taking its tally to 43,622,651. With 42 new deaths due to coronavirus infection, the...",Business Standard,2 weeks ago
"India Reports Over 17,000 COVID-19 Cases; West Bengal, Tamil Nadu See Massive Spike",https://english.jagran.com/india/india-covid19-tally-active-caseload-maharashtra-delhi-west-bengal-tamil-nadu-10045388,"India's active COVID-19 caseload jumped to 1.07 lakh-mark on Friday after 17,070 new cases were reported in the country with a daily...",Jagran English,4 weeks ago
"South Korea reports 88,384 new Covid-19 cases",http://www.uniindia.com/~/south-korea-reports-88-384-new-covid-19-cases/World/news/2789108.html,Copyright @ United News of India. All rights reserved.,UNITED NEWS OF INDIA,5 hours ago
India sees sharp uptick in active Covid cases today; France battles fresh surge – Top Updates,https://www.financialexpress.com/lifestyle/health/coronavirus-india-daily-updates-covid-19-latest-news-india-covid-world-news-omicron-latest-variants-long-covid-coronavirus-july-news/2580265/,"The health ministry data says that India on Sunday recorded 16,103 new Covid-19 infection in the span of one day. However, there was a surge in...",The Financial Express,3 weeks ago
NTAGI panel recommends use of Covid vaccines Corbevax ...,https://indianexpress.com/article/india/ntagi-panel-recommends-use-of-covid-vaccines-corbevax-covaxin-for-kids-aged-5-12-years-8017862/,"The Indian Express website has been rated GREEN for its credibility and trustworthiness by Newsguard, a global service that rates news sources...",The Indian Express,3 weeks ago
Explained: The New COVID-19 Sub-Variant Detected In 10 States In India,https://english.jagran.com/india/explained-the-new-covid19-subvariant-detected-in-10-states-in-india-10045561,"While India is dealing with a spike in COVID-19 cases, an Israeli scientist's claim about a new variant of the infection has raised the...",Jagran English,3 weeks ago
Bengaluru: Karnataka issues guidelines for apartments ...,https://indianexpress.com/article/cities/bangalore/bengaluru-karnataka-issues-guidelines-for-apartments-offices-and-educational-institutions-to-contain-covid-19-7997518/,"With an increase in Covid-19 cases, the Karnataka state health department issued Covid-19 related guidelines ... In case of small clusters (three...",The Indian Express,1 month ago
"Breaking highlights: Maharashtra reports 2,678 Covid-19 cases, eight deaths",https://www.hindustantimes.com/india-news/breaking-news-live-updates-july-7-101657152151209.html,"Delhi on Thursday recorded 579 fresh COVID-19 cases with a positivity rate of 3.46 per cent, while one more person succumbed to the viral...",Hindustan Times,3 weeks ago
UP to reserve 10 beds in Covid-19 hospitals for monkeypox cases,https://timesofindia.indiatimes.com/city/lucknow/up-to-reserve-10-beds-in-covid-19-hospitals-for-monkeypox-cases/articleshow/93173476.cms,"He said that under the Azadi Ka Amrit Mahotsav to mark 75 years of India's independence, a special 75-day drive is being started to provide free...",Times of India,7 hours ago
"Covid-19 in India: लापरवाह हुए लोग, नहीं रहा कोरोना का डर, केवल ...",https://navbharattimes.indiatimes.com/india/covid19-out-of-69-crore-eligible-beneficiaries-only-11-percent-took-precautionary-dose-the-government-worried/articleshow/93143740.cms,Hindi News · india · covid19 out of 69 crore eligible beneficiaries only 11 percent took precautionary dose the government worried...,Navbharat Times,1 day ago
"Coronavirus News Highlights: India records 2,451 new Covid-19 cases; IIT-Madras covid cluster rises to 30",https://indianexpress.com/article/india/coronavirus-news-live-updates-covid-19-count-deaths-delhi-mumbai-bangalore-cases-7877510/,"Coronavirus News Highlights Today: India recorded 2,451 new Covid-19 cases and 54 deaths in the 24 hours ending 8 am Friday, according to...",The Indian Express,23-Apr-2022
Coronavirus India News Highlights: India’s daily positivity rate over 1%; SC says Covid vaccination policy not ‘unreasonable’,https://indianexpress.com/article/india/coronavirus-news-updates-live-covid-19-count-deaths-delhi-mumbai-bangalore-cases-restrictions-7894445/,"Covid-19 News Highlights, Coronavirus News Today, 2 May 2022: India recorded 3,157 new Covid-19 infections, while the daily positivity rate...",The Indian Express,03-May-2022
"COVID-19: XE Variant, Omicron BA.4 and BA.5 variant, BA.2 ...",https://indianexpress.com/article/explained/making-sense-of-covid-trends-7873758/,"Daily new Covid-19 cases are rising in Delhi and Haryana, as are active cases nationwide. Lifting of restrictions could be a reason, but it's...",The Indian Express,19-Apr-2022
"Covid-19: India reports 3,688 new cases, 50 deaths in 24 hours; active cases cross 18k mark",https://timesofindia.indiatimes.com/india/covid-19-india-reports-3688-new-cases-50-deaths-in-24-hours-active-cases-cross-18k-mark/articleshow/91199276.cms,"NEW DELHI: With 3,688 new coronavirus infections being reported in a day, India's total tally of Covid-19 cases rose to 4,30,75,864 while...",Times of India,30-Apr-2022
"With 2,745 fresh Covid-19 infections, India's active cases rise to 18,386 in last 24 hours",https://timesofindia.indiatimes.com/india/with-2745-fresh-covid-19-infections-indias-active-cases-rise-to-18386-in-the-last-24-hours/articleshow/91932264.cms,"India reports 2,745 new Covid-19 cases in 24 hours.",Times of India,01-Jun-2022
"India reports 3,712 new Covid-19 cases in last 24 hours",https://timesofindia.indiatimes.com/india/india-reports-3712-new-covid-19-cases-in-last-24-hours/articleshow/91954244.cms,"India reports 3,712 new Covid-19 cases in 24 hours ... The reported caseload on Thursday morning was 1,123 more than the previous day, taking the...",Times of India,02-Jun-2022
"India reports 2202 fresh Covid-19 cases, 27 deaths; active ...",https://indianexpress.com/article/india/india-covid-19-live-updates-coronavirus-cases-deaths-active-cases-positivity-rate-7919254/,"India reported 2,202 new Covid-19 infections and 27 fatalities in the last 24 hours ending 8 am on Monday, as per the Union Health Ministry.",The Indian Express,16-May-2022
"Coronavirus in India: Maharashtra records 1,081 fresh Covid-19 cases, highest in last 3 months",https://timesofindia.indiatimes.com/india/coronavirus-in-india/liveblog/91899529.cms,"Coronavirus in India: Maharashtra records 1,081 fresh Covid-19 cases, highest in last 3 months ... For what's happening, click on news updates.",Times of India,02-Jun-2022
"Covid-19 update: India records steep decline in Covid-19 cases, logs 5,921 fresh cases in last 24 hours | Mint",https://www.livemint.com/news/india/covid19-update-india-records-steep-decline-in-covid-19-cases-logs-5-921-fresh-cases-in-last-24-hours-11646451079358.html,"Covid-19 update: India records steep decline in Covid-19 cases, logs 5,921 fresh cases in last 24 hours ... The cumulative vaccination...",Mint,05-Mar-2022
Covid-19: A factsheet on current situation in India,https://www.hindustantimes.com/india-news/covid19-a-factsheet-on-coronavirus-situation-in-india-101641288805108.html,"After staying below the 10,000-mark for several days, India's daily cases of the coronavirus disease (Covid-19) are on the rise yet again, with the Omicron...",Hindustan Times,04-Jan-2022
"Covid-19 in India: भारत के लिए कितना खतरनाक है कोरोना का नया सब-वैरिएंट BA.2.75, क्‍या देश में है चौथी लहर क..",https://www.jagran.com/news/national-how-dangerous-is-corona-new-sub-variant-ba-2-75-for-india-has-the-fourth-wave-arrived-in-india-jagran-special-22875919.html,"नई दिल्‍ली, जेएनएन। New Sub-Variant BA.2.75: कोरोना वायरस के ओमिक्रोन वैरिएंट का एक नया...",Jagran,3 weeks ago
"Covid-19: India records 12,781 new cases, active tally crosses 75k mark | Mint",https://www.livemint.com/news/india/covid19-india-records-12-781-new-cases-active-tally-crosses-75k-mark-11655697984499.html,"India on Monday recorded 12,781 fresh COVID-19 cases that pushed its infection tally to 43,309,473 while the number of active cases...",Mint,1 month ago
"India reports 9,923 new Covid-19 cases, 17 deaths in last 24 hours",https://timesofindia.indiatimes.com/india/india-reports-9923-new-covid-19-cases-17-deaths-in-last-24-hours/articleshow/92351596.cms,"India reports 9,923 new Covid-19 cases in 24 hours · 100,000 200,000 300,000 400,000 ; Active caseload increases to 79,313 in last 24 hours · 1M 2M...",Times of India,1 month ago
"Coronavirus India Live Updates: Delhi records 1,383 fresh cases, one death; 1,781 new infections in Mumbai",https://indianexpress.com/article/india/covid-news-live-updates-india-cases-deaths-omicron-vaccination-7979428/,"Coronavirus News Live Updates: Delhi recorded 1,383 fresh COVID-19 cases with a positivity rate of 7.22 per cent and one more fatality due...",The Indian Express,1 month ago
Covid-19: India logs highest number of daily cases in last three months | Mint,https://www.livemint.com/news/india/covid19-india-logs-highest-number-of-daily-cases-in-last-three-months-11654232159860.html,"With the addition of fresh infections, the country's COVID-19 active...",Mint,1 month ago
Explained: Making sense of the Covid-19 spike in India,https://indianexpress.com/article/explained/maharashtra-coronanvirus-cases-making-sense-of-covid-spike-7979059/,"Covid-19 has spiralled in Maharashtra once again, with the positivity rate hovering around 10%. As of June 19, active cases stood at 23,746,...",The Indian Express,1 month ago
COVID-19 fourth wave to hit India soon? Here's what experts say,https://www.businesstoday.in/coronavirus/story/covid-19-fourth-wave-to-hit-india-soon-heres-what-experts-say-331399-2022-04-27,India has been witnessing a steady rise in COVID-19 cases for a couple of weeks now with many fearing a looming probability of a fourth wave...,Business Today,27-Apr-2022
"Covid-19 update: India records 4,184 fresh Covid-19 cases, 104 deaths in last 24 hours | Mint",https://www.livemint.com/news/india/covid19-update-india-records-4-184-fresh-covid-19-cases-104-deaths-in-last-24-hours-11646882848941.html,"The Covid-19 death cases witnessed a steep decline, with 104 cases recorded in the last 24 hours, as per Health Ministry data · A reduction of...",Mint,10-Mar-2022
"India needs to revise COVID-19 response strategy, flag experts",https://www.downtoearth.org.in/news/governance/india-needs-to-revise-covid-19-response-strategy-flag-experts-83401,India's COVID-19 positivity rate has been on a steep incline over the past few weeks — up from 0.6 per cent at the beginning of June 2022 to...,Down To Earth,1 month ago
"COVID-19 | India reports 13,313 fresh cases, active caseload at 83,990 | Mint",https://www.livemint.com/news/india/covid19-india-reports-13-313-fresh-cases-active-caseload-at-83990-11655955279166.html,"India reported 13,313 fresh COVID-19 cases in the last 24 hours with active caseload currently stands at 83,990, the Ministry of Health and...",Mint,1 month ago
"Covid-19 update: India witnesses mild rise in active cases, logs 15,414 cases in 24 hours | Mint",https://www.livemint.com/news/india/covid19-update-india-witnesses-rise-in-active-cases-logs-15-414-cases-in-24-hours-11653535046218.html,The cumulative doses administered in the country so far under the nationwide Covid-19 vaccination drive has exceeded 192.67 crore. India's Covid...,Mint,26-May-2022
Coronavirus India Highlights: India reports 13313 fresh ...,https://indianexpress.com/article/lifestyle/health/india-covid-cases-surge-new-live-updates-omicron-7983401/,"Coronavirus India Live Updates: India reported 13,313 fresh Covid-19 cases and 38 deaths in the 24 hours ending at 8 am on Thursday.",The Indian Express,1 month ago
India's first Covid-19 vaccine for animals: why the need was felt,https://indianexpress.com/article/explained/everyday-explainers/explained-anocovax-covid-vaccine-for-animals-india-7963421/,The Agriculture Ministry on Thursday unveiled India's first Covid-19 vaccine for animals. Developed by the Hisar-based National Research...,The Indian Express,1 month ago
"India reports 8,582 fresh COVID-19 cases, four deaths",https://www.thehindu.com/news/national/india-reports-8582-fresh-covid-19-cases-four-deaths/article65520003.ece,"India logged 8,582 new coronavirus infections taking the total tally of COVID-19 cases to 4,32,22,017, while the active cases increased to...",The Hindu,1 month ago
"As India reports surge in Covid-19 cases, here's a ...",https://indianexpress.com/article/lifestyle/health/india-reports-surge-in-covid-19-cases-ready-reckoner-symptoms-prevention-treatment-7956577/,"According to various reports, India has reported over 3,700 Coronavirus or Covid-19 cases in less than 24 hours. As such, while it becomes...",The Indian Express,1 month ago
Covid-19: XE variant enters India; here's all you need to know,https://www.businesstoday.in/coronavirus/story/covid-19-xe-variant-enters-india-heres-all-you-need-to-know-329078-2022-04-07,India's Covid-19 vaccination coverage is high. India's cumulative Covid-19 vaccination coverage has exceeded 185.20 crore on Thursday with over...,Business Today,07-Apr-2022
"At 3,116, India records lowest Covid cases in 676 days; China’s tally hits two-year high – Top 10 Covid updates",https://www.financialexpress.com/lifestyle/health/coronavirus-india-top-10-live-updates-covid-world-updates-corona-vaccine-news/2458809/,"4: The active cases tally in India is less than 40,000. There are 38,069 active Covid19 cases in the country, the official data says.",The Financial Express,13-Mar-2022
"Coronavirus News Highlights: India records 12,847 new Covid-19 cases; 14 deaths",https://indianexpress.com/article/india/coronavirus-news-live-updates-covid-june-14-vaccination-delhi-maharashtra-kerala-7968346/,"The Covid-19 caseload rose to 79,27,862, and death toll reached 1,47,883. Active cases in the state stand at 21,749. Every district in...",The Indian Express,1 month ago
"Explained: Why Covid-19 cases are rising in India, but why we ...",https://indianexpress.com/article/explained/explained-covid-19-cases-rise-panic-7886667/,Where are Covid-19 cases increasing in India? ... The current increase in the number of cases nationally is driven mainly by Delhi and its...,The Indian Express,25-Apr-2022
"Covid-19 Highlights: Mumbai records 155 COVID-19 cases, one death; North Korea reports 6 deaths after admitting outbreak",https://indianexpress.com/article/lifestyle/health/covid-19-live-updates-deaths-life-insurance-guidelines-7910651/,"India recorded 2,841 new Covid-19 cases on Friday, according to the Union Ministry of Health and Family Welfare's latest update. The total...",The Indian Express,14-May-2022
"Covid-19: India registers 12,213 new cases, 38.43% higher than Wednesday",https://scroll.in/latest/1026285/covid-19-india-registers-12213-new-cases-38-43-higher-than-wednesday,"India on Thursday recorded 12,213 Covid-19 cases in the past 24 hours, taking the cumulative tally since the pandemic began in January 2020...",Scroll.in,1 month ago
"India Records 12,213 New COVID-19 Cases, 11 Covid Deaths In 24 Hours: Centre",https://www.ndtv.com/india-news/india-records-12-213-new-covid-19-cases-11-covid-deaths-in-24-hours-centre-3071567,"COVID-19 India: The active cases comprise 0.13 per cent of the total infections, while the national COVID-19 recovery rate was recorded at 98.65...",NDTV.com,1 month ago
"COVID-19 In India: Delhi, Maharashtra See Slight Decline In Daily Cases",https://english.jagran.com/india/covid19-in-india-delhi-maharashtra-see-slight-decline-in-daily-cases-10044887,COVID-19 In India: Maharashtra and Delhi on Saturday witnessed a slight decline in number of fresh Covid cases. ... New Delhi | Jagran News Desk:...,Jagran English,1 month ago
India shows exemplary resilience in recovery from Covid-19 crisis: CEA,https://timesofindia.indiatimes.com/business/india-business/india-shows-exemplary-resilience-in-recovery-from-covid-19-crisis-cea/articleshow/92144760.cms,"""India has shown an exemplary resilience in recovering from a crisis due to the Covid-19 pandemic,"" he said. All major activities and parameters...",Times of India,1 month ago
"Coronavirus India Highlights: India reports 3,275 fresh cases, 55 deaths",https://indianexpress.com/article/india/coronavirus-news-updates-live-covid-19-count-deaths-delhi-mumbai-bangalore-cases-restrictions-7898718/,"Covid-19 Highlights, Coronavirus News Today, 5 May 2022: India records 3,205 fresh cases; 31 deaths; Beijing under semi-lockdown to curb Omicron...",The Indian Express,05-May-2022
Is the Covid-19 pandemic at a terminal stage in India?,https://www.thehindubusinessline.com/data-stories/data-focus/is-the-covid-19-pandemic-at-a-terminal-stage-in-india/article65468101.ece,"All-India cases and deaths have been decreasing consistently and have declined below May 2020 levels, implying that we may be nearing the...",The Hindu Business Line,28-May-2022
"Covid-19 update: India's Covid-19 cases drop, 4,362 fresh cases, 66 deaths reported in last 24 hours | Mint",https://www.livemint.com/news/india/covid19-update-india-s-covid-19-cases-drop-4-362-fresh-cases-66-deaths-reported-in-last-24-hours-11646623076337.html,"Covid-19 India update: Registering a further decline in Covid-19 cases in the country, the Union Health Ministry on Monday reported that...",Mint,07-Mar-2022
"India reports 3,712 new Covid-19 cases in last 24 hours",https://timesofindia.indiatimes.com/india/india-reports-3712-new-covid-19-cases-in-last-24-hours/articleshow/91954244.cms,"India reports 3,712 new Covid-19 cases in 24 hours ... The reported caseload on Thursday morning was 1,123 more than the previous day, taking the...",Times of India,02-Jun-2022
"Covid-19 update: India reports 975 fresh Covid cases, 4 deaths in last 24 hours | Mint",https://www.livemint.com/news/india/covid19-update-india-reports-975-fresh-covid-cases-4-deaths-in-last-24-hours-11650079256206.html,"Amid rising concerns over the increase in coronavirus cases, India on Saturday reported 975 fresh Covid-19 cases, as per the Union Health...",Mint,16-Apr-2022
"India reports 8,822 new Covid-19 cases, 15 deaths in last 24 hours",https://timesofindia.indiatimes.com/india/india-reports-8822-new-covid-19-cases-15-deaths-in-last-24-hours/articleshow/92219324.cms,"NEW DELHI: India on Wednesday reported a total of 8,822 new Covid-19 cases in the last 24 hours, pushing the total tally of coronavirus...",Times of India,1 month ago
"Kerala reports 4,224 Covid-19 cases, India's active tally rises to 81.6K | Kerala news | Manorama English",https://www.onmanorama.com/news/kerala/2022/06/22/covid-cases-deaths-tally-kerala-india-health-ministry.html,"Thiruvananthapuram: Kerala reported 4,224 cases of COVID-19 on Tuesday. This is for the first time after the third wave of pandemic that...",Onmanorama,1 month ago
"Coronavirus News Highlights: India records 2,451 new Covid-19 cases; IIT-Madras covid cluster rises to 30",https://indianexpress.com/article/india/coronavirus-news-live-updates-covid-19-count-deaths-delhi-mumbai-bangalore-cases-7877510/,"Coronavirus News Highlights Today: India recorded 2,451 new Covid-19 cases and 54 deaths in the 24 hours ending 8 am Friday, according to...",The Indian Express,23-Apr-2022
"Coronavirus in India News Highlights: Delhi reports 1,656 new cases at cumulative positivity rate of 4.98%",https://www.financialexpress.com/lifestyle/health/coronavirus-india-live-covid-19-news-on-fourth-wave-india-china-shanghai-new-omicron-variant-vaccine-booster-dose/2513370/,"Coronavirus Vaccine Latest Update, Coronavirus Cases in India Today, Coronavirus Prevention, Cases and Deaths, Covid-19 4th Wave Tracker: The...",The Financial Express,06-May-2022
"Coronavirus in India LIVE updates: Maharashtra reports 5,218 new Covid cases; Mumbai sees 50% rise in daily cases with 2,479 new infections",https://timesofindia.indiatimes.com/india/coronavirus-in-india-live-updates-june-22/liveblog/92370220.cms,"According to the Delhi Corona app, out of 9491 designated Covid-19 beds, 263 (2.77 per cent) are occupied while 24 out of 1178 ICU beds with...",Times of India,1 month ago
"India reports 2202 fresh Covid-19 cases, 27 deaths; active ...",https://indianexpress.com/article/india/india-covid-19-live-updates-coronavirus-cases-deaths-active-cases-positivity-rate-7919254/,"India reported 2,202 new Covid-19 infections and 27 fatalities in the last 24 hours ending 8 am on Monday, as per the Union Health Ministry.",The Indian Express,16-May-2022
"With 2,745 fresh Covid-19 infections, India's active cases rise to 18,386 in last 24 hours",https://timesofindia.indiatimes.com/india/with-2745-fresh-covid-19-infections-indias-active-cases-rise-to-18386-in-the-last-24-hours/articleshow/91932264.cms,"India reports 2,745 new Covid-19 cases in 24 hours.",Times of India,01-Jun-2022
Coronavirus India News Highlights: India’s daily positivity rate over 1%; SC says Covid vaccination policy not ‘unreasonable’,https://indianexpress.com/article/india/coronavirus-news-updates-live-covid-19-count-deaths-delhi-mumbai-bangalore-cases-restrictions-7894445/,"Covid-19 News Highlights, Coronavirus News Today, 2 May 2022: India recorded 3,157 new Covid-19 infections, while the daily positivity rate...",The Indian Express,03-May-2022
"Covid 19: India logs 7,584 new cases, 24 deaths; active cases rises to 36,267",https://timesofindia.indiatimes.com/india/covid-19-india-logs-7584-new-cases-24-deaths-active-cases-rises-to-36267/articleshow/92119051.cms,"Active case tally increased by 3,769 and now comprise 0.08 per cent of the total infections, while the national Covid-19 recovery rate was...",Times of India,1 month ago
"Coronavirus News Highlights: Vaccinating children a priority, Covid-appropriate behaviour in public places must, says PM Modi",https://indianexpress.com/article/india/india-coronavirus-news-updates-live-covid-19-count-deaths-delhi-mumbai-bangalore-cases-7885714/,"Chhattisgarh on Wednesday reported five fresh COVID-19 cases, taking the overall tally to 11,52,253, while no new death linked to the infection...",The Indian Express,28-Apr-2022
Covid-19: Here’s what experts say on rising cases & concerns over new variants,https://www.hindustantimes.com/india-news/covid19-here-s-what-experts-say-on-rising-cases-in-india-concerns-over-new-variants-101654957354482.html,"India on Thursday reported 8,329 Covid-19 new cases, according to data shared by the Union health ministry. This is the highest since February...",Hindustan Times,1 month ago
"Covid-19: India reports 3,688 new cases, 50 deaths in 24 hours; active cases cross 18k mark",https://timesofindia.indiatimes.com/india/covid-19-india-reports-3688-new-cases-50-deaths-in-24-hours-active-cases-cross-18k-mark/articleshow/91199276.cms,"NEW DELHI: With 3,688 new coronavirus infections being reported in a day, India's total tally of Covid-19 cases rose to 4,30,75,864 while...",Times of India,30-Apr-2022
"Covid-19: India reports 2,841 new cases in last 24 hours; active cases stand at 0.04%",https://timesofindia.indiatimes.com/india/covid-19-india-reports-2841-new-cases-in-last-24-hours-active-cases-stand-at-0-04/articleshow/91532170.cms,"India reports 2,841 new Covid-19 cases in 24 hours ... With 3,295 recoveries in the last 24 hours, the total number of patients who have...",Times of India,13-May-2022
"Coronavirus in India: Maharashtra logs 1,728 Covid-19 cases due to ICMR portal glitch",https://timesofindia.indiatimes.com/india/covid-19-live-updates-at-over-17000-indias-daily-covid-count-at-124-day-high/liveblog/92423159.cms,"West Bengal's Covid-19 tally rose to 20,24,479 on Saturday as 235 more people tested positive for the infection, while two fresh fatalities...",Times of India,1 month ago
"Covid 19: India reports 8,084 new cases and 10 deaths in last 24 hours",https://timesofindia.indiatimes.com/india/covid-19-india-reports-8084-new-cases-and-10-deaths-in-last-24-hours/articleshow/92171688.cms,"NEW DELHI: With 8,084 new coronavirus infections being reported in a day, India's tally of Covid-19 cases rose to 4,32,30,101, while the...",Times of India,1 month ago
"COVID-19: XE Variant, Omicron BA.4 and BA.5 variant, BA.2 ...",https://indianexpress.com/article/explained/making-sense-of-covid-trends-7873758/,"Daily new Covid-19 cases are rising in Delhi and Haryana, as are active cases nationwide. Lifting of restrictions could be a reason, but it's...",The Indian Express,19-Apr-2022
Covid-19 top developments: CCHFW passes resolution ...,https://indianexpress.com/article/india/covid-19-cases-vaccinations-guidelines-updates-7903790/,"India reported 3,545 new Covid-19 infections in a day, taking the total caseload to 4,30,94,938, while the number of active cases declined to...",The Indian Express,06-May-2022
"Covid-19 update: India records steep decline in Covid-19 cases, logs 5,921 fresh cases in last 24 hours | Mint",https://www.livemint.com/news/india/covid19-update-india-records-steep-decline-in-covid-19-cases-logs-5-921-fresh-cases-in-last-24-hours-11646451079358.html,"Covid-19 update: India records steep decline in Covid-19 cases, logs 5,921 fresh cases in last 24 hours ... The cumulative vaccination...",Mint,05-Mar-2022
Coronavirus in India : US FDA panel weighs Covid vaccine for children as young as 6 months,https://timesofindia.indiatimes.com/india/coronavirus-in-india-june-14/liveblog/92190627.cms,"Maharashtra health minister Rajesh Tope on Wednesday said the surge in Covid-19 cases in the state is restricted to certain districts,...",Times of India,1 month ago
Covid-19: A factsheet on current situation in India,https://www.hindustantimes.com/india-news/covid19-a-factsheet-on-coronavirus-situation-in-india-101641288805108.html,"After staying below the 10,000-mark for several days, India's daily cases of the coronavirus disease (Covid-19) are on the rise yet again, with the Omicron...",Hindustan Times,04-Jan-2022
"India reports 5,233 new Covid-19 cases, reports over 40% jump in daily numbers",https://timesofindia.indiatimes.com/india/india-reports-5233-new-covid-19-cases-reports-over-40-jump-in-daily-numbers/articleshow/92073375.cms,"India reports 5,233 new Covid-19 cases in 24 hours ... The active cases comprise 0.07 per cent of the total infections, while the national Covid-...",Times of India,1 month ago
"Coronavirus LIVE Highlights: India Records 7,584 New COVID-19 Cases In 24 Hours",https://www.ndtv.com/india-news/coronavirus-india-live-updates-coronavirus-cases-today-covid-19-cases-in-india-omicron-covid-cases-india-covid-cases-10-june-3054373,"India COVID-19 Highlights: The daily positivity rate of 2.26% per cent was observed on Friday, while the weekly positivity rate was recorded to...",NDTV.com,1 month ago
"India records slight spike of 30,615 new Covid-19 cases, positivity at 2.45%",https://www.hindustantimes.com/india-news/covid19-india-records-slight-spike-in-daily-tally-with-30-615-new-cases-positivity-rate-at-245-101644982200891.html,India registered a marginal spike in its tally of fresh cases of coronavirus disease (Covid-19) that again pushed the daily numbers above...,Hindustan Times,16-Feb-2022
COVID-19 vaccines prevented over 42 lakh deaths in India in 2021: study,https://www.thehindu.com/news/national/covid-vaccines-prevented-over-42-lakh-deaths-in-india-in-2021-study/article65561292.ece,"According to the estimates by The Economist, 2.3 million people died in India from COVID-19 by the start of May 2021, as against official...",The Hindu,1 month ago
"Covid-19 update: India reports 19,968 fresh Covid-19 cases, 673 deaths in the last 24 hours | Mint",https://www.livemint.com/news/india/covid19-update-india-reports-19-968-fresh-covid-19-cases-673-deaths-in-the-last-24-hours-11645329816921.html,"The number of Covid-19 deaths reported in last 24 hours stood at 673, taking the total death toll to 5,11,903 · The number of recoveries reported...",Mint,20-Feb-2022
"Coronavirus in India: Maharashtra records 1,081 fresh Covid-19 cases, highest in last 3 months",https://timesofindia.indiatimes.com/india/coronavirus-in-india/liveblog/91899529.cms,"Coronavirus in India: Maharashtra records 1,081 fresh Covid-19 cases, highest in last 3 months ... For what's happening, click on news updates.",Times of India,02-Jun-2022
"Coronavirus in India: Delhi reports 628 fresh cases, three deaths in last 24 hours",https://timesofindia.indiatimes.com/india/coronavirus-in-india-live-updates/liveblog/92464099.cms,"Coronavirus in India: Delhi reports 628 fresh cases, three deaths in last 24 hours ... Delhi reports 628 fresh Covid 19 cases, 3 deaths & 1,011...",Times of India,1 month ago
"Covid 19: India reports 2,226 new cases and 65 deaths in last 24 hours",https://timesofindia.indiatimes.com/india/covid-19-india-reports-2226-new-cases-and-65-deaths-in-last-24-hours/articleshow/91719556.cms,"NEW DELHI: With 2,226 new coronavirus infections being reported in a day, India's total tally of Covid-19 cases rose to 4,31,36,371 while...",Times of India,22-May-2022
"Indias Objections To WHO COVID-19 Mortality Estimates Are Misleading, Experts Say",https://www.indiaspend.com/covid-19/indias-objections-to-who-covid-19-mortality-estimates-are-misleading-experts-say-815095,"The WHO is expected to place estimated mortality from Covid-19 at 4 million as of the end of 2021, about eight times India's officially reported...",IndiaSpend,27-Apr-2022
"India reports 6915 new Covid-19 cases, daily infections below ...",https://indianexpress.com/article/india/india-covid-cases-deaths-active-cases-omicron-7795506/,"India reported 6,915 new Covid-19 cases, less than 10,000 second day in a row, and 180 deaths in the last 24 hours ending 8 am Tuesday,...",The Indian Express,01-Mar-2022
Covid-19: Cumulative vaccine doses administered in India ...,https://indianexpress.com/article/india/covid-19-india-cases-deaths-live-updates-7786659/,"India witnessed a slight increase in fresh coronavirus cases and deaths, recording 15,102 new Covid-19 cases and 278 deaths in the last 24 hours...",The Indian Express,23-Feb-2022
"India reports 861 new Covid-19 cases, 6 deaths; active cases stand at 11,058",https://timesofindia.indiatimes.com/india/india-reports-861-new-covid-19-cases-6-deaths-active-cases-at-11058/articleshow/90770907.cms,"NEW DELHI: India logged 861 new Covid-19 cases taking the total tally to 4,30,36,132, while the active cases dipped to 11,058, according to...",Times of India,11-Apr-2022
What is Covid-19 IHU variant?,https://indianexpress.com/article/explained/ihu-variant-few-cases-limited-spread-7706641/,"It has been detected in at least 19 countries. Interestingly, one of these sequences happens to be from India as well, the only one out of...",The Indian Express,07-Jan-2022
"Coronavirus in India: 2,259 new cases reported in last 24 hrs; active caseload stands at 15K",https://economictimes.indiatimes.com/news/india/coronavirus-in-india-2259-new-cases-reported-in-last-24-hrs-active-caseload-stands-at-15k/videoshow/91684366.cms,"Tamil Nadu: Class 12 student allegedly dies by suicide in Sivaganga dist, 5th such · Covid-19: India reports 18,313 new cases, 57 deaths in 24...",The Economic Times,20-May-2022
Third wave of the COVID-19 pandemic in India: What lies ahead?,https://www.orfonline.org/expert-speak/third-wave-of-the-covid-19-pandemic-in-india-what-lies-ahead/,"India now is in the middle of the third COVID-19 wave. The new cases have increased exponentially and on 19 January 2022, India reported around...",ORF,22-Jan-2022
COVID-19 Vaccination Drive has been a serial myth-breaker for India,https://www.financialexpress.com/healthcare/covid-19/covid-19-vaccination-drive-has-been-a-serial-myth-breaker-for-india/2561699/,"The resounding success of this drive which has been a proactive, pre-emptive, and graded response in the management of Covid-19 has been a myth-...",The Financial Express,1 month ago
"India Covid-19 cases: Daily infections rise to 247,417; active caseload tops 1 million",https://www.hindustantimes.com/india-news/india-covid-19-cases-daily-infections-rise-to-247-417-active-caseload-tops-1-million-101642039619826.html,"India Covid-19 cases: As many as 5488 cases of the Omicron variant have been reported in the country thus far, the Union health ministry...",Hindustan Times,13-Jan-2022
"India Logs 3,688 New COVID-19 Cases, 50 Covid Deaths In 24 Hours: Centre",https://www.ndtv.com/india-news/india-logs-3-688-new-covid-19-cases-50-covid-deaths-in-24-hours-centre-2933814,"India saw a single day rise of 3,688 new coronavirus infections taking the total tally of COVID-19 cases to 4,30,75,864, while the active...",NDTV.com,30-Apr-2022
"India reports 1.16 lakh new COVID-19 cases on January 6, 2022",https://www.thehindu.com/news/national/india-reports-over-116000-new-covid-19-cases-on-january-6-2022/article38157414.ece,"India reported 1,16,836 new COVID-19 cases on Thursday, the highest in over 200 days, taking India's caseload to 3,52,25,699, according to...",The Hindu,06-Jan-2022
India may see fourth Covid wave around June 22: IIT Kanpur ...,https://indianexpress.com/article/india/india-fourth-covid-wave-june-22-iit-kanpur-7794515/,"The fourth wave of the Covid-19 pandemic in India may start around June 22 and peak from mid to late August, a modelling study by...",The Indian Express,28-Feb-2022
Covid-19 update: Slight uptick in India's daily cases; Delhi ...,https://indianexpress.com/article/india/covid-19-update-january-19-omicron-cases-india-delhi-mumbai-7731118/,"India recorded 2,82,970 new Covid-19 cases and 441 related deaths in the last 24 hours ending 8 am Wednesday, data updated by the Union...",The Indian Express,19-Jan-2022
"Coronavirus Omicron News Highlights: As Covid cases decline, Centre asks states to end additional restrictions",https://indianexpress.com/article/india/covid-news-live-omicron-delhi-vaccine-mumbai-schools-colleges-reopen-7774366/,"India logged 30,615 new coronavirus infections, taking the country's tally of Covid-19 cases to 4,27,23,558, while the active cases dipped...",The Indian Express,16-Feb-2022
Explained: Is Covid in India in endemic stage?,https://timesofindia.indiatimes.com/india/explained-is-covid-in-india-in-endemic-stage/articleshow/89567924.cms,"NEW DELHI: Covid-19 is already in an endemic stage in India, and citizens will now have to live with SARS-COV-2 without being forced to face...",Times of India,14-Feb-2022
Will fourth wave of Covid-19 hit India? Eminent virologist predicts | Mint,https://www.livemint.com/science/health/will-fourth-wave-of-covid-19-hit-india-eminent-virologist-predicts-11646889561381.html,"Meanwhile, India saw a single day rise of 4,184 coronavirus infections taking the total tally of COVID-19 cases to 4,29,80,067,...",Mint,10-Mar-2022
"Covid-19: India reports 2,539 new cases, 60 deaths | India News",https://indianexpress.com/article/india/covid-19-india-reports-2539-new-cases-60-deaths-7823918/,"With 2,539 new coronavirus infections being reported in a day, India's total tally of Covid-19 cases rose to 4,30,01,477, while the active...",The Indian Express,17-Mar-2022
"With 5,233 new Covid-19 patients, India sees 40% increase in cases in a day",https://www.indiatoday.in/coronavirus-outbreak/story/india-increase-covid-cases-positive-patients-1959710-2022-06-08,"India registered 5,233 new Covid-19 cases in the last 24 hours, 40.9% higher than yesterday. It brought the total caseload to 4,31,90,282.",India Today,1 month ago
India’s Covid toll 8 times higher than reported: Lancet,https://timesofindia.indiatimes.com/india/indias-covid-toll-8-times-higher-than-reported-lancet/articleshow/90135513.cms,LONDON: A new paper in the Lancet indicates that India's Covid-19 deaths were vastly under-reported and estimates that up to the end of 2021...,Times of India,11-Mar-2022
COVID-19 In India: Maharashtra Records Hike In Cases While Infections In Delhi Fall; Mumbai Continues Upward..,https://english.jagran.com/india/covid19-in-india-maharashtra-records-hike-in-cases-while-infections-in-delhi-fall-mumbai-continues-upward-trend-10044081,"New Delhi | Jagran News Desk: With 2,828 new coronavirus infections being recorded in a day, India's total tally of COVID-19 cases rose to 4...",Jagran English,29-May-2022
"Coronavirus News Highlights: India reports 3,207 new cases, 29 deaths; active cases at 20,403",https://indianexpress.com/article/india/coronavirus-news-live-updates-covid-19-india-new-cases-deaths-7907306/,"Covid-19 India Highlights, Coronavirus News Today, Coronavirus (Covid-19) 4th Wave India Live Updates, 9 May 2022: As many as 24 students of the...",The Indian Express,09-May-2022
"Coronavirus LIVE Updates: India Records 2,827 New Covid Cases, 24 Deaths In 24 Hours",https://www.ndtv.com/india-news/coronavirus-india-live-updates-coronavirus-cases-today-covid-19-cases-in-india-india-covid-cases-may-12-2967988,"India recorded 2,827 new coronavirus infections in the last 24 hours, taking the total tally of COVID-19 cases to 4,31,13,413, while the active cases dipped...",NDTV.com,12-May-2022
"India Records 3,205 New COVID-19 Cases, 31 Covid Deaths In 24 Hours: Centre",https://www.ndtv.com/india-news/india-records-3-205-new-covid-19-cases-31-covid-deaths-in-24-hours-centre-2943965,"COVID-19 India: The active cases constitute 0.05 per cent of the total infections, the health ministry said, adding the country's COVID-19...",NDTV.com,04-May-2022
"Covid News Highlights: With declining Covid cases, restrictions to be eased in Kerala",https://indianexpress.com/article/india/coronavirus-live-updates-delhi-haryana-mumbai-covid-vaccine-7759121/,"Covid-19 Active Cases India Feb 8 Latest Updates, Omicron Cases in India, Coronavirus NeoCov New Strain, Coronavirus 3rd Wave, Covid-19 Vaccine Dose Status,...",The Indian Express,08-Feb-2022
89% of India's adult population fully vaccinated against Covid-19: Health minister Mandaviya,https://timesofindia.indiatimes.com/india/89-of-indias-adult-population-fully-vaccinated-against-covid-19-health-minister-mandaviya/articleshow/92251443.cms,The country started inoculating children aged 12-14 from March 16 and also removed the comorbidity clause making all people aged above 60...,Times of India,1 month ago
"Covid-19 Surge: India Already In Early Stages Of Third Wave, Say Experts. Here's What To Expect",https://www.outlookindia.com/website/story/india-news-india-already-in-third-wave-experts-say-yes-heres-what-to-expect-this-new-year/407709,"With nearly two years since Covid-19 became a pandemic, the possibility of a ""third wave"" of Covid-19 had been around for months since India's...",Outlook India,03-Jan-2022
"India Records 2,124 New COVID-19 Cases, 17 Covid Deaths In 24 Hours: Centre",https://www.ndtv.com/india-news/india-records-2-124-new-covid-19-cases-17-covid-deaths-in-24-hours-centre-3006972,"COVID-19 India: The active cases comprised 0.03 per cent of the total infections, while the national COVID-19 recovery rate was recorded at...",NDTV.com,25-May-2022
Being ready: On vaccination and India’s third COVID-19 wave,https://www.thehindu.com/opinion/editorial/being-ready-the-hindu-editorial-on-vaccination-and-indias-third-covid-19-wave/article65190426.ece,"The COVID-19 pandemic is on a discernible wane. Just a month ago, India was reporting around 1,70,000 cases a day and the latest numbers...",The Hindu,05-Mar-2022
"India Records 2,827 New COVID-19 Cases, 24 Covid Deaths In 24 Hours: Centre",https://www.ndtv.com/india-news/india-records-2-827-new-covid-19-cases-24-covid-deaths-in-24-hours-centre-2968172,"With 2,827 new coronavirus infections being reported in a day, India's tally of COVID-19 cases rose to 4,31,13,413, while the active cases...",NDTV.com,12-May-2022
"India logs more than 3.17 lakh new Covid cases in last 24 hours, daily positivity rate up at 16.41% | Mint",https://www.livemint.com/news/india/india-logs-more-than-3-17-lakh-new-covid-cases-in-last-24-hours-11642650172691.html,"With 317,532 new coronavirus infections being reported in a day, India's total tally of COVID-19 cases rose to 38,218,773, which includes...",Mint,20-Jan-2022
"Coronavirus Highlights: India Reports 3,275 Fresh COVID-19 Cases In 24 Hours",https://www.ndtv.com/india-news/coronavirus-india-live-updates-coronavirus-cases-today-covid-19-cases-in-india-omicron-covid-cases-india-covid-cases-may-5-2946991,"India reported 3,275 new COVID-19 cases, taking the coronavirus tally to 4,30,91,393. The country also recorded 55 new covid-related...",NDTV.com,05-May-2022
"Covid 19 in India News LIVE: Delhi reports 325 fresh Covid-19 cases, issues advisory for schools",https://timesofindia.indiatimes.com/india/covid-19-in-india-news-live-april-13/liveblog/90808989.cms,"Covid 19 in India News LIVE: Delhi reports 325 fresh Covid-19 cases, issues advisory for schools ... For what's happening, click on news updates.",Times of India,14-Apr-2022
"Coronavirus Omicron India Highlights: Immune response induced by Omicron effectively neutralise Delta variant, reveals study",https://indianexpress.com/article/india/coronavirus-omicron-india-live-news-third-wave-health-ministry-covid-delhi-mumbai-7740153/,Coronavirus Omicron India Highlights 26 January: 2.85 lakh new Covid-19 cases; daily positivity rate 16.16%; Republic Day 2022 celebrated today...,The Indian Express,27-Jan-2022
"Centre says Covid-19 cases declining in India, but concern remains over 2 states",https://www.hindustantimes.com/india-news/centre-says-covid-19-cases-declining-in-india-but-concern-remains-over-2-states-101643892365672.html,"In a press briefing on Thursday, joint secretary of Union health ministry Lav Agarwal said that India's active Covid-19 caseload has seen a...",Hindustan Times,03-Feb-2022
Covid-19: India's road to 50% full vaccination,https://timesofindia.indiatimes.com/india/covid-19-indias-road-to-50-full-vaccination/articleshow/88104047.cms,"NEW DELHI: India achieved another milestone in the inoculation campaign against Covid-19, with over half the country's adult population now...",Times of India,05-Dec-2021
"India logs over 3 lakh Covid-19 cases, 439 deaths; positivity surges to 20.75%",https://www.hindustantimes.com/india-news/india-logs-over-3-lakh-covid-19-cases-439-deaths-positivity-rate-surges-to-2075-101642997818164.html,"Covid-19 cases in India: Active cases increased by 62,130 in the last 24 hours, recording 5.69 per cent of the total infections.",Hindustan Times,24-Jan-2022
A ground plan for India’s COVID-19 response,https://www.thehindu.com/opinion/lead/a-ground-plan-for-indias-covid-19-response/article65530918.ece,"India's daily new COVID-19 cases have crossed the 8,000-mark for the first time after more than 100 days. However, the cases (moderate to...",The Hindu,1 month ago
"Covid-19: India reports 1,335 new cases, 52 deaths in 24 hours; active caseload at 13,672",https://timesofindia.indiatimes.com/india/covid-19-india-reports-1335-new-cases-52-deaths-in-24-hours-active-caseload-at-13672/articleshow/90582316.cms,"NEW DELHI: India has reported 1,335 new cases of Covid-19 and 52 deaths in the last 24 hours, a bulletin released by the Union health...",Times of India,01-Apr-2022
"Covid cloud over jinxed India vs England final Test, after Rohit ...",https://indianexpress.com/article/sports/cricket/ind-vs-eng-test-rohit-sharma-tests-positive-of-covid-19-7991763/,"Earlier today, India Test skipper Rohit Sharma has tested positive for Covid-19. It could be a massive blow to India's preparations for the...",The Indian Express,1 month ago
"India Records 6,594 New COVID-19 Cases In The Last 24 Hours: Centre",https://www.ndtv.com/india-news/india-records-6-594-new-covid-19-cases-in-the-last-24-hours-centre-3064764,"India logged a single day rise of 6,594 new coronavirus infections taking the total tally of COVID-19 cases to 4,32,36,695, while the active...",NDTV.com,1 month ago
"India Records 2,451 New COVID-19 Cases, 54 Covid Deaths In 24 Hours: Centre",https://www.ndtv.com/india-news/india-records-2-451-new-covid-19-cases-54-covid-deaths-in-24-hours-centre-2909482,"With 2,451 new coronavirus infections being reported in a day, India's total tally of COVID-19 cases rose to 4,30,52,425, while the active...",NDTV.com,22-Apr-2022
"India reports 11499 new Covid-19 infections, 255 deaths ...",https://indianexpress.com/article/india/india-covid-cases-daily-update-7791672/,Daily Covid-19 cases in the country have remained below one lakh for 20 consecutive days now. At least 255 fatalities from the disease were...,The Indian Express,26-Feb-2022
"Covid-19: India reports 1,660 fresh cases and records 4,100 more fatalities",https://timesofindia.indiatimes.com/india/covid-19-india-reports-1660-fresh-cases-and-records-4100-more-fatalities/articleshow/90454382.cms,"India reports 1,660 new Covid-19 cases in 24 hours ... Maharashtra reported a high death toll because of the inclusion of non-Covid fatalities (...",Times of India,26-Mar-2022
"Health ministry flags Covid-19 concerns in 6 states, virus ...",https://indianexpress.com/article/india/health-ministry-covid-19-concerns-virus-7733992/,"The health ministry said that a sharp surge in Covid-19 cases continued to be noted in India, with the weekly positivity rate touching almost...",The Indian Express,21-Jan-2022
"India Reports 3,962 New COVID-19 Cases, 26 Covid Deaths In 24 Hours: Centre",https://www.ndtv.com/india-news/india-reports-3-962-new-covid-19-cases-26-covid-deaths-in-24-hours-centre-3037302,"COVID-19 India: The active cases now constitute 0.05 per cent of the total infections, the health ministry said, adding the country's overall...",NDTV.com,1 month ago
"Coronavirus News Highlights: Delhi records 1,530 new Covid cases, 3 deaths; Mumbai reports 2,087 cases, one fatality",https://indianexpress.com/article/india/coronavirus-news-india-latest-updates-bengaluru-delhi-mumbai-chennai-7976683/,"Coronavirus News Updates: Genome sequencing of corona samples ramps up in Delhi; India records 13,216 new Covid-19 cases; daily positivity...",The Indian Express,1 month ago
India records a sharp spike in COVID-19 fatalities,https://www.thehindu.com/news/national/covid-19-india-records-over-410-crore-cases/article38350400.ece,"On January 30, 2020, India reported its first positive case of the coronavirus from Kerala. In the next two years, the country has recorded...",The Hindu,30-Jan-2022
"India Records 3,712 New COVID-19 Cases, 5 Covid Deaths In 24 Hours: Centre",https://www.ndtv.com/india-news/india-records-3-712-new-covid-19-cases-5-covid-deaths-in-24-hours-centre-3031140,"COVID-19 India: The active cases comprised 0.05 per cent of the total infections, while the national COVID-19 recovery rate was recorded at...",NDTV.com,02-Jun-2022
Coronavirus in India: PM Modi to chair high-level meeting on April 27 amid Covid surge,https://timesofindia.indiatimes.com/india/coronavirus-in-india-april-23/liveblog/91014638.cms,"With 2,593 new coronavirus infections being reported in a day, India's total tally of Covid cases rose to 4,30,57,545, while the active cases...",Times of India,25-Apr-2022
"Covid-19 update: India records slight rise in Covid-19 cases, logs 4,194 fresh cases, 255 deaths in 24 hours | Mint",https://www.livemint.com/news/india/covid19-update-india-records-slight-rise-in-covid-19-cases-logs-4-194-fresh-cases-255-deaths-in-24-hours-11646968603802.html,"India's daily Covid-19 cases rose by 4,194, taking the Covid-19 tally up to 42.98 million, as per the Ministry of Health and Family Welfare data...",Mint,11-Mar-2022
"New coronavirus cases in India drop to lowest in one month, logs 83,876 fresh Covid cases, 895 more deaths | Mint",https://www.livemint.com/news/india/indias-covid-19-daily-cases-drop-below-1-lakh-with-83-876-fresh-cases-in-last-24-hours-11644201317519.html,"The Health Ministry updated data on Monday reported a sharp decline in Covid-19 cases reported in the country. India on Monday logged 83,876...",Mint,07-Feb-2022
COVID-19: These are the states in India where daily cases are spiking again,https://www.businessinsider.in/india/news/covid-19-these-are-the-states-in-india-where-daily-cases-are-spiking-again/articleshow/90817002.cms,"India reported 1,088 fresh Covid-19 infections in the past 24 hours, against previous day's 796 cases, the Union Health Ministry said on...",Business Insider India,13-Apr-2022
Covid-19 killed more men in 2020 in India: Data | Mint,https://www.livemint.com/news/india/covid19-killed-more-men-in-2020-in-india-data-11653533792459.html,"India reported 1,60,618 deaths due to Covid in the same period. Out of the total of 1,60,618 deaths due to Covid 19, the virus was identified in...",Mint,26-May-2022
Coronavirus in India News: 'Children aged 12-17 can now opt for Covovax at private centres',https://timesofindia.indiatimes.com/india/covid-19-india-and-world-may-01/liveblog/91220708.cms,"India's Covid-19 vaccination coverage exceeded 189.23 crore mark on Monday, the Union health ministry said on Monday. 12:24 (IST) May 02. The...",Times of India,03-May-2022
"India reports 1,150 new Covid-19 cases, 83 deaths; recovery rate at 98.76 %",https://timesofindia.indiatimes.com/india/india-reports-1150-new-covid-19-cases-83-deaths-recovery-rate-at-98-76-/articleshow/90739886.cms,"NEW DELHI: India reported a single-day rise of 1,150 new Covid-19 cases, taking the infection tally in the country to 4,30,34,217.",Times of India,09-Apr-2022
Covid-19 Numbers Explained: The third wave has likely ...,https://indianexpress.com/article/explained/covid-19-numbers-explained-third-wave-likely-peaked-in-india-here-is-why-7745713/,"On Thursday, 2.51 lakh new Covid-19 cases were detected, well below the 3.47 lakh that were discovered a week earlier, which remains the...",The Indian Express,30-Jan-2022
Statsguru: Six charts show Covid-19 concerns rising again in India,https://www.business-standard.com/article/specials/statsguru-six-charts-show-covid-19-concerns-rising-again-in-india-122061001191_1.html,"The average daily vaccination in the past five days has been 1.6 million; a month ago, India administered nearly 2 million Covid-19 vaccine...",Business Standard,1 month ago
"Covid-19 update: India reports 15,102 fresh cases, 278 deaths in last 24 hours | Mint",https://www.livemint.com/news/india/covid19-update-india-reports-15-102-fresh-cases-278-deaths-in-last-24-hours-11645586964949.html,"Covid-19 India update: India added 15,102 new coronavirus infections in a single day, while the active cases dipped below two lakh after 50...",Mint,23-Feb-2022
"Covid-19: India logs 1,096 new cases, 81 deaths in last 24 hours, active tally falls to 13,013 | Mint",https://www.livemint.com/news/india/covid19-india-logs-1-096-new-cases-81-deaths-in-last-24-hours-active-tally-falls-to-13013-11648954665606.html,"Covid-19: The active cases count comprised 0.03 per cent of the total infections, while the national COVID-19 recovery rate remained at 98.76...",Mint,03-Apr-2022
Coronavirus in India: Assam reports no new Covid-19 case for first time in nearly two years,https://timesofindia.indiatimes.com/india/coronavirus-in-india-march-9/liveblog/90087510.cms,"India on Thursday reported 4,184 Covid cases, and 104 deaths. The death toll has reached 5,15,459, while the active cases has declined to 44,488...",Times of India,11-Mar-2022
"Covid-19 update: India reports 1,49,394 new Covid cases, death toll crosses 500,000 | Mint",https://www.livemint.com/news/india/covid19-update-india-reports-1-49-394-new-covid-cases-in-last-24-hours-read-here-11643945471063.html,"Covid-19 update: India reports 1,49,394 new Covid cases, death toll crosses 500,000 ... India has reported 1,49,394 new Covid cases in the last 24...",Mint,04-Feb-2022
"Covid-19: India reports 2,288 new Covid-19 cases in 24 hours, sees over 28% dip",https://timesofindia.indiatimes.com/india/india-reports-2288-new-covid-19-cases-in-24-hours-sees-over-28-dip/articleshow/91457445.cms,"NEW DELHI: With 2,288 new coronavirus infections being reported in a day, India's total tally of Covid-19 cases rose to 4,31,07,689 while...",Times of India,10-May-2022
Team India skipper Rohit Sharma tests positive for Covid-19,https://www.indiatoday.in/sports/story/team-india-skipper-rohit-sharma-tests-positive-for-covid-1966799-2022-06-26,"Team India skipper Rohit Sharma has tested positive for Covid-19 in the Rapid Antigen Test in Leicester, England. His test was conducted on...",IndiaToday,1 month ago
India may see fourth Covid wave around June 22: IIT Kanpur ...,https://indianexpress.com/article/india/india-fourth-covid-wave-june-22-iit-kanpur-7794515/,"The fourth wave of the Covid-19 pandemic in India may start around June 22 and peak from mid to late August, a modelling study by...",The Indian Express,28-Feb-2022
"COVID-19: India logs 4,270 new cases; daily positivity rate above one per cent after 34 days",https://health.economictimes.indiatimes.com/news/industry/covid-19-india-logs-4270-new-cases-daily-positivity-rate-above-one-per-cent-after-34-days/92015232,"New Delhi: India logged 4,270 new coronavirus infections taking the tally of COVID-19 cases to 4,31,76,817, while the daily positivity rate...",ET HealthWorld,1 month ago
‘Few recombinant variants in India’: INSACOG says amid surge in Covid-19 cases | Mint,https://www.livemint.com/news/india/few-recombinant-variants-in-india-insacog-says-amid-surge-in-covid-19-cases-11651076333630.html,India has been witnessing a sudden surge in Covid-19 cases. National Capital Delhi on Wednesday reported 1367 new Covid-19 cases pushing the...,Mint,27-Apr-2022
COVID-19: India Is the Only Country To Approve Corbevax. But Where’s the Data?,https://science.thewire.in/health/covid-19-india-only-country-approve-corbevax-where-data/,"New Delhi: A dubious saga of India's vaccine and drug regulation establishment began in 2020, when, in response to the rise of the COVID-19...",The Wire Science,02-Mar-2022
"Covid-19 cases in India: 6,317 new ones, 318 deaths. Full details here | Mint",https://www.livemint.com/news/india/covid19-cases-in-india-6-317-new-ones-and-318-deaths-full-details-here-11640145756346.html,"Covid-19 cases in India: 6,317 new ones, 318 deaths. Full details here ... Considering a significant rise in Omicron cases in India and across the...",Mint,22-Dec-2021
"Covid-19 update: India reports 1,67,059 Covid cases, death toll crosses 1000 mark in last 24 hours | Mint",https://www.livemint.com/news/india/covid19-update-india-reports-1-67-059-covid-cases-death-toll-crosses-1000-mark-in-last-24-hours-11643685487255.html,"India's daily cases drop below 2 lakh, as the country reports 1,67,059 new Covid-19 cases in the last 24 hours, as per the Health Ministry...",Mint,01-Feb-2022
"Coronavirus in India News Live Updates: Delhi reports 1,656 new Covid-19 cases",https://timesofindia.indiatimes.com/india/covid-19-live-updates-india-and-world-may-5/liveblog/91328515.cms,"Maharashtra reports 205 fresh Covid-19 cases, zero daily deaths. Infection tally rises to 78,78,801, death toll stands at 1,47,845. The state...",Times of India,06-May-2022
"Coronavirus India News Highlights: India reports 2,487 fresh Covid-19 cases, slightly lower than yesterday; active cases at 17,692",https://indianexpress.com/article/lifestyle/health/coronavirus-india-live-updates-deaths-active-cases-7916588/,"With 2,487 new coronavirus infections being reported in a day India's tally of Covid-19 cases rose to 4,31,21,599, while the active cases dipped...",The Indian Express,15-May-2022
Covid-19: India’s daily positivity rate goes above 3% after four months,https://scroll.in/latest/1026060/covid-19-indias-daily-positivity-rate-goes-above-3-after-four-months,"With 8,084 new Covid-19 infections recorded in the last 24 hours, India's daily positivity rate is at 3.24% for the first time in four...",Scroll.in,1 month ago
"Coronavirus LIVE Updates: India Reports 3,805 New Covid Cases, 22 Deaths In 24 Hours",https://www.ndtv.com/india-news/coronavirus-india-live-updates-coronavirus-cases-today-covid-19-cases-in-india-omicron-covid-cases-india-covid-cases-may-7-2953581,"India today recorded 3,805 new COVID-19 cases in the last 24 hours, taking the coronavirus tally to 4,30,98,743. The country also recorded...",NDTV.com,07-May-2022
COVID-19: India's first case of Omicron XE variant confirmed by INSACOG,https://www.newindianexpress.com/nation/2022/may/03/covid-19-indias-first-case-of-omicron-xe-variant-confirmed-by-insacog-2449255.html,"NEW DELHI: Amidst a spike in Covid cases, the Indian SARS-CoV-2 Genomics Consortium (INSACOG) has finally confirmed the presence of Omicron's...",The New Indian Express,03-May-2022
"Coronavirus Highlights: India Logs 4,194 New Covid Cases, 255 Deaths In 24 Hours",https://www.ndtv.com/india-news/coronavirus-india-live-updates-coronavirus-cases-today-covid-19-cases-in-india-omicron-covid-cases-india-covid-cases-11-march-2022-2816352,"India today reported 4,194 new COVID-19 cases, besides 255 more related deaths that increased the death count to 5,15,714. The country's active...",NDTV.com,11-Mar-2022
"India reports 861 new Covid-19 cases, 6 deaths; active cases stand at 11,058",https://timesofindia.indiatimes.com/india/india-reports-861-new-covid-19-cases-6-deaths-active-cases-at-11058/articleshow/90770907.cms,"NEW DELHI: India logged 861 new Covid-19 cases taking the total tally to 4,30,36,132, while the active cases dipped to 11,058, according to...",Times of India,11-Apr-2022
What is Covid-19 IHU variant?,https://indianexpress.com/article/explained/ihu-variant-few-cases-limited-spread-7706641/,"It has been detected in at least 19 countries. Interestingly, one of these sequences happens to be from India as well, the only one out of...",The Indian Express,07-Jan-2022
"India Records 2,259 New COVID-19 Cases, 20 Covid Deaths In 24 Hours: Centre",https://www.ndtv.com/india-news/india-records-2-259-new-covid-19-cases-20-covid-deaths-in-24-hours-centre-2992545,"India logged 2,259 new coronavirus infections taking the total tally of COVID-19 cases to 4,31,31,822, while the active cases declined to...",NDTV.com,20-May-2022
"Coronavirus in India: 2,259 new cases reported in last 24 hrs; active caseload stands at 15K",https://economictimes.indiatimes.com/news/india/coronavirus-in-india-2259-new-cases-reported-in-last-24-hrs-active-caseload-stands-at-15k/videoshow/91684366.cms,"Tamil Nadu: Class 12 student allegedly dies by suicide in Sivaganga dist, 5th such · Covid-19: India reports 18,313 new cases, 57 deaths in 24...",The Economic Times,20-May-2022
"As Covid-19 numbers ease, Govt looks at scrapping Air Suvidha",https://indianexpress.com/article/india/as-covid-19-numbers-ease-govt-looks-at-scrapping-air-suvidha-7977865/,"As countries ease restrictions for international travellers, India is also considering doing away with the Air Suvidha requirement,...",The Indian Express,1 month ago
Third wave of the COVID-19 pandemic in India: What lies ahead?,https://www.orfonline.org/expert-speak/third-wave-of-the-covid-19-pandemic-in-india-what-lies-ahead/,"India now is in the middle of the third COVID-19 wave. The new cases have increased exponentially and on 19 January 2022, India reported around...",ORF,22-Jan-2022
"India Covid-19 cases: Daily infections rise to 247,417; active caseload tops 1 million",https://www.hindustantimes.com/india-news/india-covid-19-cases-daily-infections-rise-to-247-417-active-caseload-tops-1-million-101642039619826.html,"India Covid-19 cases: As many as 5488 cases of the Omicron variant have been reported in the country thus far, the Union health ministry...",Hindustan Times,13-Jan-2022
"India Logs 3,688 New COVID-19 Cases, 50 Covid Deaths In 24 Hours: Centre",https://www.ndtv.com/india-news/india-logs-3-688-new-covid-19-cases-50-covid-deaths-in-24-hours-centre-2933814,"India saw a single day rise of 3,688 new coronavirus infections taking the total tally of COVID-19 cases to 4,30,75,864, while the active...",NDTV.com,30-Apr-2022
